dataset,model,arm,cap,q_cap,q_actual,fid,fid_std
crop,LR,base,-1,100,101.0,0.4153,0.0778
crop,LR,ours,0,100,101.0,0.3635,0.0364
crop,LR,ours,5,100,101.0,0.3847,0.0338
crop,LR,ours,15,100,101.0,0.371,0.0539
crop,LR,ours,30,100,101.0,0.36,0.0691
crop,LR,base,-1,250,251.0,0.4478,0.0477
crop,LR,ours,0,250,251.0,0.5447,0.0567
crop,LR,ours,5,250,251.0,0.551,0.0643
crop,LR,ours,15,250,251.0,0.5796,0.0808
crop,LR,ours,30,250,251.0,0.5937,0.0608
crop,LR,base,-1,500,501.0,0.6525,0.0524
crop,LR,ours,0,500,501.0,0.6694,0.0569
crop,LR,ours,5,500,501.0,0.7153,0.0786
crop,LR,ours,15,500,501.0,0.7455,0.0818
crop,LR,ours,30,500,501.0,0.7643,0.063
crop,LR,base,-1,1000,1001.0,0.8055,0.0428
crop,LR,ours,0,1000,1001.0,0.8239,0.0486
crop,LR,ours,5,1000,1001.0,0.8455,0.0403
crop,LR,ours,15,1000,1001.0,0.8592,0.0402
crop,LR,ours,30,1000,1001.0,0.869,0.0443
crop,NB,base,-1,100,101.0,0.6878,0.0534
crop,NB,ours,0,100,101.0,0.6835,0.0393
crop,NB,ours,5,100,101.0,0.6561,0.0479
crop,NB,ours,15,100,101.0,0.6694,0.0317
crop,NB,ours,30,100,101.0,0.6506,0.0405
crop,NB,base,-1,250,251.0,0.76,0.0365
crop,NB,ours,0,250,251.0,0.7212,0.0348
crop,NB,ours,5,250,251.0,0.7114,0.054
crop,NB,ours,15,250,251.0,0.7157,0.0564
crop,NB,ours,30,250,251.0,0.7204,0.058
crop,NB,base,-1,500,501.0,0.7941,0.0275
crop,NB,ours,0,500,501.0,0.7686,0.0275
crop,NB,ours,5,500,501.0,0.762,0.0368
crop,NB,ours,15,500,501.0,0.7533,0.0367
crop,NB,ours,30,500,501.0,0.7682,0.0408
crop,NB,base,-1,1000,1001.0,0.8196,0.0269
crop,NB,ours,0,1000,1001.0,0.7875,0.0299
crop,NB,ours,5,1000,1001.0,0.7859,0.0344
crop,NB,ours,15,1000,1001.0,0.7831,0.0313
crop,NB,ours,30,1000,1001.0,0.7957,0.0346
crop,KNN,base,-1,100,101.0,0.4302,0.0607
crop,KNN,ours,0,100,101.0,0.349,0.0442
crop,KNN,ours,5,100,101.0,0.3463,0.0333
crop,KNN,ours,15,100,101.0,0.3353,0.0279
crop,KNN,ours,30,100,101.0,0.2592,0.0414
crop,KNN,base,-1,250,251.0,0.5945,0.0322
crop,KNN,ours,0,250,251.0,0.5192,0.0407
crop,KNN,ours,5,250,251.0,0.5482,0.0477
crop,KNN,ours,15,250,251.0,0.5482,0.0457
crop,KNN,ours,30,250,251.0,0.5506,0.046
crop,KNN,base,-1,500,501.0,0.6608,0.0289
crop,KNN,ours,0,500,501.0,0.629,0.0301
crop,KNN,ours,5,500,501.0,0.6251,0.0211
crop,KNN,ours,15,500,501.0,0.6243,0.031
crop,KNN,ours,30,500,501.0,0.6188,0.0369
crop,KNN,base,-1,1000,1001.0,0.7224,0.0181
crop,KNN,ours,0,1000,1001.0,0.6965,0.0341
crop,KNN,ours,5,1000,1001.0,0.6871,0.0359
crop,KNN,ours,15,1000,1001.0,0.6949,0.0305
crop,KNN,ours,30,1000,1001.0,0.7012,0.0362
crop,DT,base,-1,100,101.0,0.5948,0.0572
crop,DT,ours,0,100,101.0,0.6034,0.0867
crop,DT,ours,5,100,101.0,0.5851,0.0933
crop,DT,ours,15,100,101.0,0.5453,0.0529
crop,DT,ours,30,100,101.0,0.4897,0.0826
crop,DT,base,-1,250,251.0,0.7025,0.0452
crop,DT,ours,0,250,251.0,0.7325,0.0552
crop,DT,ours,5,250,251.0,0.7315,0.065
crop,DT,ours,15,250,251.0,0.7441,0.0634
crop,DT,ours,30,250,251.0,0.7935,0.0612
crop,DT,base,-1,500,501.0,0.7232,0.042
crop,DT,ours,0,500,501.0,0.8065,0.0356
crop,DT,ours,5,500,501.0,0.8251,0.0454
crop,DT,ours,15,500,501.0,0.8285,0.0679
crop,DT,ours,30,500,501.0,0.849,0.043
crop,DT,base,-1,1000,1001.0,0.7664,0.0401
crop,DT,ours,0,1000,1001.0,0.856,0.0304
crop,DT,ours,5,1000,1001.0,0.8439,0.0368
crop,DT,ours,15,1000,1001.0,0.8771,0.0451
crop,DT,ours,30,1000,1001.0,0.88,0.0412
crop,RF,base,-1,100,101.0,0.6984,0.0635
crop,RF,ours,0,100,101.0,0.7245,0.036
crop,RF,ours,5,100,101.0,0.715,0.0701
crop,RF,ours,15,100,101.0,0.7209,0.0663
crop,RF,ours,30,100,101.0,0.7322,0.0651
crop,RF,base,-1,250,251.0,0.7418,0.0537
crop,RF,ours,0,250,251.0,0.8208,0.0367
crop,RF,ours,5,250,251.0,0.8257,0.0413
crop,RF,ours,15,250,251.0,0.824,0.0384
crop,RF,ours,30,250,251.0,0.8205,0.0449
crop,RF,base,-1,500,501.0,0.7587,0.0653
crop,RF,ours,0,500,501.0,0.8154,0.0397
crop,RF,ours,5,500,501.0,0.8175,0.0345
crop,RF,ours,15,500,501.0,0.8164,0.0312
crop,RF,ours,30,500,501.0,0.8131,0.0367
crop,RF,base,-1,1000,1001.0,0.8121,0.0381
crop,RF,ours,0,1000,1001.0,0.8682,0.0289
crop,RF,ours,5,1000,1001.0,0.8787,0.0268
crop,RF,ours,15,1000,1001.0,0.876,0.023
crop,RF,ours,30,1000,1001.0,0.8691,0.0254
adult,LR,base,-1,100,96.8,0.7842,0.0554
adult,LR,ours,0,100,101.0,0.7615,0.0963
adult,LR,ours,5,100,101.0,0.7914,0.1123
adult,LR,ours,15,100,101.0,0.8237,0.0515
adult,LR,ours,30,100,101.0,0.7998,0.0948
adult,LR,base,-1,250,136.1,0.7901,0.0652
adult,LR,ours,0,250,251.0,0.7528,0.0726
adult,LR,ours,5,250,251.0,0.7636,0.1128
adult,LR,ours,15,250,251.0,0.7846,0.1121
adult,LR,ours,30,250,251.0,0.7494,0.0758
adult,LR,base,-1,500,136.1,0.7901,0.0652
adult,LR,ours,0,500,501.0,0.7554,0.079
adult,LR,ours,5,500,501.0,0.7317,0.067
adult,LR,ours,15,500,501.0,0.7382,0.0739
adult,LR,ours,30,500,501.0,0.7484,0.0762
adult,LR,base,-1,1000,136.1,0.7901,0.0652
adult,LR,ours,0,1000,1001.0,0.7671,0.0773
adult,LR,ours,5,1000,1001.0,0.7604,0.0767
adult,LR,ours,15,1000,1001.0,0.7551,0.077
adult,LR,ours,30,1000,1001.0,0.7505,0.0781
adult,NB,base,-1,100,101.0,0.869,0.0311
adult,NB,ours,0,100,101.0,0.7463,0.1318
adult,NB,ours,5,100,101.0,0.9237,0.0691
adult,NB,ours,15,100,101.0,0.9241,0.0268
adult,NB,ours,30,100,101.0,0.9134,0.0196
adult,NB,base,-1,250,251.0,0.8682,0.0275
adult,NB,ours,0,250,251.0,0.6925,0.1637
adult,NB,ours,5,250,251.0,0.9131,0.1158
adult,NB,ours,15,250,251.0,0.936,0.0228
adult,NB,ours,30,250,251.0,0.9243,0.0213
adult,NB,base,-1,500,501.0,0.8674,0.0306
adult,NB,ours,0,500,501.0,0.6668,0.1318
adult,NB,ours,5,500,501.0,0.8998,0.1405
adult,NB,ours,15,500,501.0,0.9501,0.0246
adult,NB,ours,30,500,501.0,0.9413,0.0267
adult,NB,base,-1,1000,835.6,0.8322,0.1161
adult,NB,ours,0,1000,1001.0,0.6125,0.1488
adult,NB,ours,5,1000,1001.0,0.8844,0.1671
adult,NB,ours,15,1000,1001.0,0.9522,0.0297
adult,NB,ours,30,1000,1001.0,0.9547,0.0269
adult,KNN,base,-1,100,101.0,0.8374,0.0097
adult,KNN,ours,0,100,101.0,0.8438,0.0197
adult,KNN,ours,5,100,101.0,0.8354,0.028
adult,KNN,ours,15,100,101.0,0.8374,0.0331
adult,KNN,ours,30,100,101.0,0.8335,0.0411
adult,KNN,base,-1,250,251.0,0.8374,0.0094
adult,KNN,ours,0,250,251.0,0.8604,0.0184
adult,KNN,ours,5,250,251.0,0.8489,0.019
adult,KNN,ours,15,250,251.0,0.8455,0.0242
adult,KNN,ours,30,250,251.0,0.8423,0.021
adult,KNN,base,-1,500,501.0,0.8338,0.0142
adult,KNN,ours,0,500,501.0,0.8731,0.0109
adult,KNN,ours,5,500,501.0,0.8639,0.0158
adult,KNN,ours,15,500,501.0,0.8596,0.018
adult,KNN,ours,30,500,501.0,0.8494,0.0149
adult,KNN,base,-1,1000,1001.0,0.8331,0.016
adult,KNN,ours,0,1000,1001.0,0.8735,0.0113
adult,KNN,ours,5,1000,1001.0,0.8695,0.0119
adult,KNN,ours,15,1000,1001.0,0.871,0.0119
adult,KNN,ours,30,1000,1001.0,0.8583,0.0153
adult,DT,base,-1,100,101.0,0.7708,0.0425
adult,DT,ours,0,100,101.0,0.7522,0.0939
adult,DT,ours,5,100,101.0,0.6937,0.1236
adult,DT,ours,15,100,101.0,0.6662,0.1458
adult,DT,ours,30,100,101.0,0.6497,0.1511
adult,DT,base,-1,250,199.5,0.7737,0.0377
adult,DT,ours,0,250,251.0,0.804,0.0664
adult,DT,ours,5,250,251.0,0.7661,0.1118
adult,DT,ours,15,250,251.0,0.7706,0.0597
adult,DT,ours,30,250,251.0,0.6813,0.0897
adult,DT,base,-1,500,231.9,0.7765,0.0418
adult,DT,ours,0,500,501.0,0.8016,0.0567
adult,DT,ours,5,500,501.0,0.7742,0.0941
adult,DT,ours,15,500,501.0,0.7676,0.0621
adult,DT,ours,30,500,501.0,0.7511,0.0909
adult,DT,base,-1,1000,232.7,0.7766,0.0418
adult,DT,ours,0,1000,1001.0,0.7799,0.0827
adult,DT,ours,5,1000,1001.0,0.7548,0.0749
adult,DT,ours,15,1000,1001.0,0.7625,0.095
adult,DT,ours,30,1000,1001.0,0.7815,0.0708
adult,RF,base,-1,100,101.0,0.7907,0.0216
adult,RF,ours,0,100,101.0,0.8357,0.0352
adult,RF,ours,5,100,101.0,0.8391,0.0416
adult,RF,ours,15,100,101.0,0.8338,0.0278
adult,RF,ours,30,100,101.0,0.808,0.052
adult,RF,base,-1,250,204.8,0.7843,0.0273
adult,RF,ours,0,250,251.0,0.8602,0.0327
adult,RF,ours,5,250,251.0,0.8489,0.0434
adult,RF,ours,15,250,251.0,0.84,0.0352
adult,RF,ours,30,250,251.0,0.8235,0.048
adult,RF,base,-1,500,211.9,0.7844,0.027
adult,RF,ours,0,500,501.0,0.8733,0.0299
adult,RF,ours,5,500,501.0,0.8654,0.0324
adult,RF,ours,15,500,501.0,0.8584,0.0387
adult,RF,ours,30,500,501.0,0.847,0.0355
adult,RF,base,-1,1000,211.9,0.7844,0.027
adult,RF,ours,0,1000,1001.0,0.8839,0.0322
adult,RF,ours,5,1000,1001.0,0.8776,0.0285
adult,RF,ours,15,1000,1001.0,0.8654,0.0266
adult,RF,ours,30,1000,1001.0,0.8671,0.0279
breast,LR,base,-1,25,26.0,0.8153,0.1717
breast,LR,ours,0,25,26.0,0.8941,0.0446
breast,LR,ours,5,25,26.0,0.8224,0.0797
breast,LR,ours,15,25,26.0,0.7612,0.2142
breast,LR,ours,30,25,26.0,0.7612,0.2142
breast,LR,base,-1,50,51.0,0.7318,0.2067
breast,LR,ours,0,50,51.0,0.8341,0.1197
breast,LR,ours,5,50,51.0,0.7906,0.1835
breast,LR,ours,15,50,51.0,0.7012,0.2304
breast,LR,ours,30,50,51.0,0.7012,0.2304
breast,LR,base,-1,100,96.7,0.7071,0.1959
breast,LR,ours,0,100,101.0,0.7541,0.1672
breast,LR,ours,5,100,101.0,0.7306,0.2164
breast,LR,ours,15,100,101.0,0.76,0.2116
breast,LR,ours,30,100,101.0,0.7812,0.1249
breast,NB,base,-1,25,25.7,0.8341,0.1232
breast,NB,ours,0,25,26.0,0.9412,0.0611
breast,NB,ours,5,25,26.0,0.8612,0.1536
breast,NB,ours,15,25,26.0,0.8694,0.1469
breast,NB,ours,30,25,26.0,0.8694,0.1469
breast,NB,base,-1,50,46.4,0.8376,0.1229
breast,NB,ours,0,50,51.0,0.9318,0.0715
breast,NB,ours,5,50,51.0,0.9106,0.102
breast,NB,ours,15,50,51.0,0.8765,0.0887
breast,NB,ours,30,50,51.0,0.8765,0.0887
breast,NB,base,-1,100,86.4,0.8388,0.1212
breast,NB,ours,0,100,101.0,0.9247,0.0668
breast,NB,ours,5,100,101.0,0.92,0.1066
breast,NB,ours,15,100,101.0,0.9082,0.09
breast,NB,ours,30,100,101.0,0.8871,0.1069
breast,KNN,base,-1,25,25.5,0.8047,0.1619
breast,KNN,ours,0,25,26.0,0.8753,0.1323
breast,KNN,ours,5,25,26.0,0.8388,0.1631
breast,KNN,ours,15,25,26.0,0.8341,0.1611
breast,KNN,ours,30,25,26.0,0.8341,0.1611
breast,KNN,base,-1,50,47.4,0.8047,0.1619
breast,KNN,ours,0,50,51.0,0.8753,0.133
breast,KNN,ours,5,50,51.0,0.8729,0.1322
breast,KNN,ours,15,50,51.0,0.8718,0.1558
breast,KNN,ours,30,50,51.0,0.8718,0.1558
breast,KNN,base,-1,100,70.7,0.8047,0.1619
breast,KNN,ours,0,100,101.0,0.9071,0.0793
breast,KNN,ours,5,100,101.0,0.9071,0.0793
breast,KNN,ours,15,100,101.0,0.8976,0.0807
breast,KNN,ours,30,100,101.0,0.8765,0.1566
breast,DT,base,-1,25,26.0,0.7011,0.038
breast,DT,ours,0,25,26.0,0.7511,0.0994
breast,DT,ours,5,25,26.0,0.6819,0.1203
breast,DT,ours,15,25,26.0,0.6894,0.1139
breast,DT,ours,30,25,26.0,0.6894,0.1139
breast,DT,base,-1,50,51.0,0.7037,0.0378
breast,DT,ours,0,50,51.0,0.7452,0.1394
breast,DT,ours,5,50,51.0,0.7791,0.0949
breast,DT,ours,15,50,51.0,0.7607,0.0962
breast,DT,ours,30,50,51.0,0.7607,0.0962
breast,DT,base,-1,100,101.0,0.7349,0.0649
breast,DT,ours,0,100,101.0,0.7794,0.1463
breast,DT,ours,5,100,101.0,0.7675,0.0907
breast,DT,ours,15,100,101.0,0.8071,0.084
breast,DT,ours,30,100,101.0,0.7928,0.1104
breast,RF,base,-1,25,26.0,0.8591,0.0641
breast,RF,ours,0,25,26.0,0.8336,0.102
breast,RF,ours,5,25,26.0,0.8749,0.0497
breast,RF,ours,15,25,26.0,0.8839,0.0457
breast,RF,ours,30,25,26.0,0.8839,0.0457
breast,RF,base,-1,50,43.4,0.8589,0.0673
breast,RF,ours,0,50,51.0,0.8467,0.1164
breast,RF,ours,5,50,51.0,0.8895,0.0683
breast,RF,ours,15,50,51.0,0.8636,0.058
breast,RF,ours,30,50,51.0,0.8636,0.058
breast,RF,base,-1,100,64.4,0.8642,0.0724
breast,RF,ours,0,100,101.0,0.8554,0.1485
breast,RF,ours,5,100,101.0,0.8776,0.1225
breast,RF,ours,15,100,101.0,0.8689,0.1074
breast,RF,ours,30,100,101.0,0.854,0.0935
nursery,LR,base,-1,100,101.0,0.9558,0.0147
nursery,LR,ours,0,100,101.0,0.8569,0.0549
nursery,LR,ours,5,100,101.0,0.8628,0.0317
nursery,LR,ours,15,100,101.0,0.8147,0.0493
nursery,LR,ours,30,100,101.0,0.74,0.0668
nursery,LR,base,-1,250,251.0,0.9792,0.0104
nursery,LR,ours,0,250,251.0,0.9466,0.0154
nursery,LR,ours,5,250,251.0,0.9417,0.0176
nursery,LR,ours,15,250,251.0,0.9375,0.0191
nursery,LR,ours,30,250,251.0,0.9202,0.0347
nursery,LR,base,-1,500,501.0,0.9843,0.0095
nursery,LR,ours,0,500,501.0,0.9802,0.013
nursery,LR,ours,5,500,501.0,0.9751,0.0124
nursery,LR,ours,15,500,501.0,0.9753,0.0083
nursery,LR,ours,30,500,501.0,0.9748,0.0136
nursery,LR,base,-1,1000,837.6,0.9864,0.0096
nursery,LR,ours,0,1000,1001.0,0.9892,0.011
nursery,LR,ours,5,1000,1001.0,0.9881,0.0094
nursery,LR,ours,15,1000,1001.0,0.9888,0.0079
nursery,LR,ours,30,1000,1001.0,0.9884,0.0097
nursery,NB,base,-1,100,101.0,0.8651,0.0528
nursery,NB,ours,0,100,101.0,0.7088,0.0543
nursery,NB,ours,5,100,101.0,0.7063,0.0432
nursery,NB,ours,15,100,101.0,0.7028,0.047
nursery,NB,ours,30,100,101.0,0.678,0.0721
nursery,NB,base,-1,250,251.0,0.8687,0.054
nursery,NB,ours,0,250,251.0,0.7968,0.0637
nursery,NB,ours,5,250,251.0,0.7996,0.0436
nursery,NB,ours,15,250,251.0,0.7974,0.0379
nursery,NB,ours,30,250,251.0,0.7976,0.0409
nursery,NB,base,-1,500,497.8,0.841,0.0706
nursery,NB,ours,0,500,501.0,0.8712,0.0421
nursery,NB,ours,5,500,501.0,0.8767,0.0316
nursery,NB,ours,15,500,501.0,0.879,0.0385
nursery,NB,ours,30,500,501.0,0.8761,0.0279
nursery,NB,base,-1,1000,783.5,0.8391,0.0529
nursery,NB,ours,0,1000,1001.0,0.8958,0.0451
nursery,NB,ours,5,1000,1001.0,0.8922,0.0345
nursery,NB,ours,15,1000,1001.0,0.8924,0.0343
nursery,NB,ours,30,1000,1001.0,0.8956,0.0327
nursery,KNN,base,-1,100,101.0,0.6965,0.0507
nursery,KNN,ours,0,100,101.0,0.6137,0.0797
nursery,KNN,ours,5,100,101.0,0.6122,0.0569
nursery,KNN,ours,15,100,101.0,0.5873,0.0527
nursery,KNN,ours,30,100,101.0,0.5538,0.0477
nursery,KNN,base,-1,250,251.0,0.7431,0.0207
nursery,KNN,ours,0,250,251.0,0.6858,0.0524
nursery,KNN,ours,5,250,251.0,0.6751,0.0535
nursery,KNN,ours,15,250,251.0,0.6686,0.0676
nursery,KNN,ours,30,250,251.0,0.6633,0.0577
nursery,KNN,base,-1,500,501.0,0.7703,0.015
nursery,KNN,ours,0,500,501.0,0.7467,0.0336
nursery,KNN,ours,5,500,501.0,0.7337,0.0385
nursery,KNN,ours,15,500,501.0,0.7386,0.0442
nursery,KNN,ours,30,500,501.0,0.7458,0.0321
nursery,KNN,base,-1,1000,1001.0,0.8026,0.0107
nursery,KNN,ours,0,1000,1001.0,0.7882,0.0327
nursery,KNN,ours,5,1000,1001.0,0.7913,0.0271
nursery,KNN,ours,15,1000,1001.0,0.7928,0.0174
nursery,KNN,ours,30,1000,1001.0,0.7964,0.0154
nursery,DT,base,-1,100,101.0,0.8299,0.0312
nursery,DT,ours,0,100,101.0,0.7814,0.0488
nursery,DT,ours,5,100,101.0,0.7729,0.0437
nursery,DT,ours,15,100,101.0,0.7575,0.0431
nursery,DT,ours,30,100,101.0,0.6978,0.0465
nursery,DT,base,-1,250,251.0,0.8501,0.0311
nursery,DT,ours,0,250,251.0,0.8239,0.0211
nursery,DT,ours,5,250,251.0,0.825,0.028
nursery,DT,ours,15,250,251.0,0.8237,0.0298
nursery,DT,ours,30,250,251.0,0.7988,0.0366
nursery,DT,base,-1,500,501.0,0.8706,0.0237
nursery,DT,ours,0,500,501.0,0.8619,0.0223
nursery,DT,ours,5,500,501.0,0.8635,0.0151
nursery,DT,ours,15,500,501.0,0.8604,0.014
nursery,DT,ours,30,500,501.0,0.8641,0.0104
nursery,DT,base,-1,1000,1001.0,0.8985,0.0141
nursery,DT,ours,0,1000,1001.0,0.8947,0.0153
nursery,DT,ours,5,1000,1001.0,0.8917,0.0216
nursery,DT,ours,15,1000,1001.0,0.8986,0.014
nursery,DT,ours,30,1000,1001.0,0.9,0.0088
nursery,RF,base,-1,100,101.0,0.8288,0.0373
nursery,RF,ours,0,100,101.0,0.7576,0.0457
nursery,RF,ours,5,100,101.0,0.7501,0.0538
nursery,RF,ours,15,100,101.0,0.7244,0.0557
nursery,RF,ours,30,100,101.0,0.6818,0.0645
nursery,RF,base,-1,250,251.0,0.861,0.0188
nursery,RF,ours,0,250,251.0,0.8202,0.0401
nursery,RF,ours,5,250,251.0,0.8004,0.0407
nursery,RF,ours,15,250,251.0,0.794,0.04
nursery,RF,ours,30,250,251.0,0.787,0.0245
nursery,RF,base,-1,500,501.0,0.8819,0.0156
nursery,RF,ours,0,500,501.0,0.8693,0.016
nursery,RF,ours,5,500,501.0,0.8643,0.0272
nursery,RF,ours,15,500,501.0,0.8629,0.0268
nursery,RF,ours,30,500,501.0,0.8665,0.0197
nursery,RF,base,-1,1000,1001.0,0.902,0.0103
nursery,RF,ours,0,1000,1001.0,0.902,0.0099
nursery,RF,ours,5,1000,1001.0,0.8949,0.0125
nursery,RF,ours,15,1000,1001.0,0.8965,0.0124
nursery,RF,ours,30,1000,1001.0,0.9004,0.0098
mushroom,LR,base,-1,100,67.8,0.7847,0.1131
mushroom,LR,ours,0,100,101.0,0.7069,0.0818
mushroom,LR,ours,5,100,101.0,0.7055,0.1489
mushroom,LR,ours,15,100,101.0,0.7126,0.1415
mushroom,LR,ours,30,100,101.0,0.6741,0.1055
mushroom,LR,base,-1,250,82.8,0.8032,0.1258
mushroom,LR,ours,0,250,239.1,0.7981,0.0891
mushroom,LR,ours,5,250,241.6,0.7668,0.1109
mushroom,LR,ours,15,250,251.0,0.7443,0.1441
mushroom,LR,ours,30,250,251.0,0.7222,0.1357
mushroom,LR,base,-1,500,82.8,0.8032,0.1258
mushroom,LR,ours,0,500,464.1,0.842,0.1016
mushroom,LR,ours,5,500,466.0,0.8204,0.1051
mushroom,LR,ours,15,500,481.1,0.8316,0.1141
mushroom,LR,ours,30,500,496.9,0.7868,0.1181
mushroom,LR,base,-1,1000,82.8,0.8032,0.1258
mushroom,LR,ours,0,1000,874.5,0.8849,0.107
mushroom,LR,ours,5,1000,866.0,0.8736,0.0987
mushroom,LR,ours,15,1000,895.8,0.86,0.1095
mushroom,LR,ours,30,1000,946.9,0.8707,0.1104
mushroom,NB,base,-1,100,80.7,0.6749,0.1211
mushroom,NB,ours,0,100,101.0,0.7381,0.1351
mushroom,NB,ours,5,100,101.0,0.7585,0.1192
mushroom,NB,ours,15,100,101.0,0.7513,0.1141
mushroom,NB,ours,30,100,101.0,0.7431,0.1255
mushroom,NB,base,-1,250,111.5,0.6882,0.087
mushroom,NB,ours,0,250,231.7,0.786,0.1186
mushroom,NB,ours,5,250,242.8,0.7676,0.1502
mushroom,NB,ours,15,250,251.0,0.7626,0.1265
mushroom,NB,ours,30,250,251.0,0.7684,0.1437
mushroom,NB,base,-1,500,111.5,0.6882,0.087
mushroom,NB,ours,0,500,406.7,0.7787,0.1119
mushroom,NB,ours,5,500,426.6,0.7616,0.1288
mushroom,NB,ours,15,500,483.1,0.7905,0.1201
mushroom,NB,ours,30,500,488.0,0.7718,0.1394
mushroom,NB,base,-1,1000,111.5,0.6882,0.087
mushroom,NB,ours,0,1000,670.5,0.79,0.0963
mushroom,NB,ours,5,1000,723.0,0.7812,0.1141
mushroom,NB,ours,15,1000,853.2,0.7943,0.1144
mushroom,NB,ours,30,1000,888.0,0.7947,0.1195
mushroom,KNN,base,-1,100,101.0,0.6046,0.1439
mushroom,KNN,ours,0,100,101.0,0.5565,0.117
mushroom,KNN,ours,5,100,101.0,0.598,0.1038
mushroom,KNN,ours,15,100,101.0,0.5783,0.1603
mushroom,KNN,ours,30,100,101.0,0.5856,0.1084
mushroom,KNN,base,-1,250,251.0,0.6835,0.1366
mushroom,KNN,ours,0,250,251.0,0.5974,0.1354
mushroom,KNN,ours,5,250,251.0,0.6339,0.1377
mushroom,KNN,ours,15,250,251.0,0.6604,0.1522
mushroom,KNN,ours,30,250,251.0,0.6433,0.129
mushroom,KNN,base,-1,500,501.0,0.7069,0.0905
mushroom,KNN,ours,0,500,501.0,0.6378,0.1539
mushroom,KNN,ours,5,500,501.0,0.6797,0.128
mushroom,KNN,ours,15,500,501.0,0.6729,0.1441
mushroom,KNN,ours,30,500,501.0,0.6631,0.1223
mushroom,KNN,base,-1,1000,1001.0,0.7159,0.0855
mushroom,KNN,ours,0,1000,1001.0,0.6615,0.1206
mushroom,KNN,ours,5,1000,1001.0,0.6823,0.1225
mushroom,KNN,ours,15,1000,1001.0,0.73,0.0953
mushroom,KNN,ours,30,1000,1001.0,0.6956,0.1109
mushroom,DT,base,-1,100,101.0,0.6764,0.1508
mushroom,DT,ours,0,100,101.0,0.6274,0.1049
mushroom,DT,ours,5,100,101.0,0.6548,0.0937
mushroom,DT,ours,15,100,101.0,0.6112,0.1483
mushroom,DT,ours,30,100,101.0,0.6307,0.1166
mushroom,DT,base,-1,250,251.0,0.7534,0.1899
mushroom,DT,ours,0,250,251.0,0.6989,0.0946
mushroom,DT,ours,5,250,251.0,0.7631,0.0908
mushroom,DT,ours,15,250,251.0,0.7486,0.1385
mushroom,DT,ours,30,250,251.0,0.6982,0.1323
mushroom,DT,base,-1,500,501.0,0.8378,0.0483
mushroom,DT,ours,0,500,501.0,0.7017,0.1008
mushroom,DT,ours,5,500,501.0,0.7741,0.1032
mushroom,DT,ours,15,500,501.0,0.7933,0.1046
mushroom,DT,ours,30,500,501.0,0.773,0.0897
mushroom,DT,base,-1,1000,1001.0,0.881,0.0565
mushroom,DT,ours,0,1000,1001.0,0.7435,0.0985
mushroom,DT,ours,5,1000,1001.0,0.7683,0.1109
mushroom,DT,ours,15,1000,1001.0,0.7627,0.1395
mushroom,DT,ours,30,1000,1001.0,0.7516,0.12
mushroom,RF,base,-1,100,101.0,0.6776,0.137
mushroom,RF,ours,0,100,101.0,0.7703,0.0839
mushroom,RF,ours,5,100,101.0,0.7163,0.0865
mushroom,RF,ours,15,100,101.0,0.6994,0.0896
mushroom,RF,ours,30,100,101.0,0.6489,0.0976
mushroom,RF,base,-1,250,246.9,0.7001,0.1289
mushroom,RF,ours,0,250,251.0,0.7913,0.0852
mushroom,RF,ours,5,250,251.0,0.8013,0.0777
mushroom,RF,ours,15,250,251.0,0.796,0.084
mushroom,RF,ours,30,250,251.0,0.7951,0.0749
mushroom,RF,base,-1,500,423.0,0.7428,0.1289
mushroom,RF,ours,0,500,501.0,0.8255,0.0825
mushroom,RF,ours,5,500,501.0,0.8236,0.074
mushroom,RF,ours,15,500,501.0,0.8211,0.0757
mushroom,RF,ours,30,500,501.0,0.7999,0.0686
mushroom,RF,base,-1,1000,496.8,0.743,0.128
mushroom,RF,ours,0,1000,1001.0,0.8291,0.0795
mushroom,RF,ours,5,1000,1001.0,0.8465,0.0588
mushroom,RF,ours,15,1000,1001.0,0.8491,0.0534
mushroom,RF,ours,30,1000,1001.0,0.8467,0.0708
