dataset,model,arm,q_cap,fid,fid_std
crop,LR,ours,100,0.7063,0.0388
crop,LR,base,100,0.7486,0.0355
crop,LR,ours,250,0.7635,0.0337
crop,LR,base,250,0.7482,0.0322
crop,LR,ours,500,0.8121,0.0245
crop,LR,base,500,0.7678,0.0293
crop,LR,ours,1000,0.8596,0.0257
crop,LR,base,1000,0.8133,0.038
crop,NB,ours,100,0.6498,0.1845
crop,NB,base,100,0.6537,0.1821
crop,NB,ours,250,0.6816,0.1795
crop,NB,base,250,0.6518,0.1862
crop,NB,ours,500,0.6729,0.1729
crop,NB,base,500,0.6431,0.1801
crop,NB,ours,1000,0.6384,0.184
crop,NB,base,1000,0.6333,0.1803
crop,KNN,ours,100,0.4816,0.0387
crop,KNN,base,100,0.6224,0.0189
crop,KNN,ours,250,0.6408,0.0241
crop,KNN,base,250,0.649,0.0167
crop,KNN,ours,500,0.7012,0.0293
crop,KNN,base,500,0.6714,0.0264
crop,KNN,ours,1000,0.7063,0.0176
crop,KNN,base,1000,0.7114,0.0271
crop,DT,ours,100,0.8496,0.0238
crop,DT,base,100,0.8607,0.0378
crop,DT,ours,250,0.8945,0.0233
crop,DT,base,250,0.8891,0.0213
crop,DT,ours,500,0.9293,0.0164
crop,DT,base,500,0.9177,0.0154
crop,DT,ours,1000,0.9414,0.0115
crop,DT,base,1000,0.94,0.0198
crop,RF,ours,100,0.9542,0.0115
crop,RF,base,100,0.9685,0.0146
crop,RF,ours,250,0.9696,0.0159
crop,RF,base,250,0.9689,0.0142
crop,RF,ours,500,0.9714,0.0138
crop,RF,base,500,0.9678,0.0092
crop,RF,ours,1000,0.9688,0.0084
crop,RF,base,1000,0.9684,0.0116
adult,LR,ours,100,0.7913,0.0773
adult,LR,base,100,0.8417,0.0358
adult,LR,ours,250,0.8435,0.035
adult,LR,base,250,0.8507,0.0336
adult,LR,ours,500,0.8567,0.0329
adult,LR,base,500,0.8667,0.0383
adult,LR,ours,1000,0.8475,0.0246
adult,LR,base,1000,0.8498,0.0394
adult,NB,ours,100,0.9378,0.0255
adult,NB,base,100,0.9505,0.0336
adult,NB,ours,250,0.9477,0.0348
adult,NB,base,250,0.9407,0.0349
adult,NB,ours,500,0.9499,0.029
adult,NB,base,500,0.927,0.0412
adult,NB,ours,1000,0.9518,0.0289
adult,NB,base,1000,0.8906,0.0715
adult,KNN,ours,100,0.8206,0.0499
adult,KNN,base,100,0.8396,0.0219
adult,KNN,ours,250,0.8498,0.032
adult,KNN,base,250,0.8476,0.0268
adult,KNN,ours,500,0.8658,0.0184
adult,KNN,base,500,0.852,0.0244
adult,KNN,ours,1000,0.8679,0.0112
adult,KNN,base,1000,0.8493,0.0245
adult,DT,ours,100,0.7269,0.059
adult,DT,base,100,0.7853,0.0461
adult,DT,ours,250,0.8004,0.0352
adult,DT,base,250,0.8094,0.0276
adult,DT,ours,500,0.807,0.0257
adult,DT,base,500,0.8201,0.025
adult,DT,ours,1000,0.8337,0.0238
adult,DT,base,1000,0.8238,0.0152
adult,RF,ours,100,0.8412,0.0216
adult,RF,base,100,0.8546,0.0243
adult,RF,ours,250,0.8732,0.03
adult,RF,base,250,0.8723,0.0265
adult,RF,ours,500,0.8822,0.0267
adult,RF,base,500,0.8775,0.0139
adult,RF,ours,1000,0.8991,0.025
adult,RF,base,1000,0.9006,0.0216
breast,LR,ours,25,0.9,0.0598
breast,LR,base,25,0.9165,0.0429
breast,LR,ours,50,0.9118,0.054
breast,LR,base,50,0.9294,0.0704
breast,LR,ours,100,0.907,0.0454
breast,LR,base,100,0.9423,0.0343
breast,NB,ours,25,0.9165,0.054
breast,NB,base,25,0.9471,0.0432
breast,NB,ours,50,0.9035,0.0452
breast,NB,base,50,0.9459,0.0321
breast,NB,ours,100,0.9165,0.0519
breast,NB,base,100,0.8859,0.0686
breast,KNN,ours,25,0.9129,0.0438
breast,KNN,base,25,0.8953,0.0334
breast,KNN,ours,50,0.9506,0.0257
breast,KNN,base,50,0.8976,0.0324
breast,KNN,ours,100,0.9447,0.0333
breast,KNN,base,100,0.9082,0.0272
breast,DT,ours,25,0.8535,0.0526
breast,DT,base,25,0.8524,0.0469
breast,DT,ours,50,0.7989,0.0838
breast,DT,base,50,0.872,0.0657
breast,DT,ours,100,0.8257,0.0672
breast,DT,base,100,0.8745,0.0506
breast,RF,ours,25,0.9376,0.0381
breast,RF,base,25,0.9205,0.0241
breast,RF,ours,50,0.9478,0.0274
breast,RF,base,50,0.9335,0.0245
breast,RF,ours,100,0.9536,0.0208
breast,RF,base,100,0.9345,0.0171
nursery,LR,ours,100,0.7937,0.0466
nursery,LR,base,100,0.7642,0.0712
nursery,LR,ours,250,0.8921,0.0581
nursery,LR,base,250,0.798,0.0814
nursery,LR,ours,500,0.9145,0.0245
nursery,LR,base,500,0.7873,0.0633
nursery,LR,ours,1000,0.9145,0.0245
nursery,LR,base,1000,0.7873,0.0633
nursery,NB,ours,100,0.757,0.0624
nursery,NB,base,100,0.5856,0.0325
nursery,NB,ours,250,0.6924,0.069
nursery,NB,base,250,0.5318,0.0349
nursery,NB,ours,500,0.6386,0.0695
nursery,NB,base,500,0.5241,0.0379
nursery,NB,ours,1000,0.6386,0.0695
nursery,NB,base,1000,0.5241,0.0379
nursery,KNN,ours,100,0.5777,0.0374
nursery,KNN,base,100,0.5663,0.0312
nursery,KNN,ours,250,0.6101,0.0206
nursery,KNN,base,250,0.5558,0.0243
nursery,KNN,ours,500,0.5935,0.0242
nursery,KNN,base,500,0.5519,0.0208
nursery,KNN,ours,1000,0.5899,0.028
nursery,KNN,base,1000,0.5547,0.0206
nursery,DT,ours,100,0.755,0.0431
nursery,DT,base,100,0.8118,0.0172
nursery,DT,ours,250,0.8373,0.0225
nursery,DT,base,250,0.8542,0.0184
nursery,DT,ours,500,0.8794,0.0139
nursery,DT,base,500,0.8931,0.0103
nursery,DT,ours,1000,0.9211,0.0112
nursery,DT,base,1000,0.9243,0.0081
nursery,RF,ours,100,0.7577,0.04
nursery,RF,base,100,0.8342,0.0202
nursery,RF,ours,250,0.8511,0.0155
nursery,RF,base,250,0.8772,0.009
nursery,RF,ours,500,0.8961,0.0049
nursery,RF,base,500,0.8997,0.0063
nursery,RF,ours,1000,0.9241,0.0068
nursery,RF,base,1000,0.924,0.0047
mushroom,LR,ours,100,0.7614,0.0908
mushroom,LR,base,100,0.7642,0.0916
mushroom,LR,ours,250,0.8177,0.0592
mushroom,LR,base,250,0.7535,0.0575
mushroom,LR,ours,500,0.8523,0.0708
mushroom,LR,base,500,0.7217,0.0703
mushroom,LR,ours,1000,0.8084,0.0797
mushroom,LR,base,1000,0.6957,0.0468
mushroom,NB,ours,100,0.8794,0.0192
mushroom,NB,base,100,0.8816,0.0273
mushroom,NB,ours,250,0.8836,0.034
mushroom,NB,base,250,0.8833,0.0247
mushroom,NB,ours,500,0.8971,0.0225
mushroom,NB,base,500,0.8891,0.0265
mushroom,NB,ours,1000,0.8772,0.0288
mushroom,NB,base,1000,0.8873,0.0342
mushroom,KNN,ours,100,0.7562,0.0821
mushroom,KNN,base,100,0.7531,0.071
mushroom,KNN,ours,250,0.7855,0.0724
mushroom,KNN,base,250,0.7691,0.0657
mushroom,KNN,ours,500,0.8084,0.0312
mushroom,KNN,base,500,0.7879,0.0703
mushroom,KNN,ours,1000,0.8239,0.0575
mushroom,KNN,base,1000,0.785,0.0782
mushroom,DT,ours,100,0.797,0.0827
mushroom,DT,base,100,0.8198,0.0767
mushroom,DT,ours,250,0.879,0.0479
mushroom,DT,base,250,0.8607,0.072
mushroom,DT,ours,500,0.9059,0.0415
mushroom,DT,base,500,0.9161,0.0627
mushroom,DT,ours,1000,0.9381,0.0333
mushroom,DT,base,1000,0.9256,0.0652
mushroom,RF,ours,100,0.8316,0.0667
mushroom,RF,base,100,0.8323,0.0563
mushroom,RF,ours,250,0.8772,0.0325
mushroom,RF,base,250,0.9018,0.0313
mushroom,RF,ours,500,0.9004,0.048
mushroom,RF,base,500,0.9225,0.0248
mushroom,RF,ours,1000,0.9483,0.0222
mushroom,RF,base,1000,0.9436,0.0178
